<?xml version="1.0" encoding="UTF-8" standalone="no"?>
<raConfiguration version="9">
  <generalSettings>
    <option key="#Board#" value="board.ra6m5ck"/>
    <option key="CPU" value="RA6M5"/>
    <option key="Core" value="CM33"/>
    <option key="#TargetName#" value="R7FA6M5BH3CFC"/>
    <option key="#TargetARCHITECTURE#" value="cortex-m33"/>
    <option key="#DeviceCommand#" value="R7FA6M5BH"/>
    <option key="#RTOS#" value="rtos.awsfreertos"/>
    <option key="#pinconfiguration#" value="R7FA6M5BH3CFC.pincfg"/>
    <option key="#FSPVersion#" value="5.4.0"/>
    <option key="#ConfigurationFragments#" value="Renesas##BSP##Board##ra6m5_ck##"/>
    <option key="#SELECTED_TOOLCHAIN#" value="gcc-arm-embedded"/>
    <option key="#ToolchainVersion#" value="10.3.1.20210824"/>
  </generalSettings>
  <raBspConfiguration>
    <config id="config.bsp.ra6m5.R7FA6M5BH3CFC">
      <property id="config.bsp.part_number" value="config.bsp.part_number.value"/>
      <property id="config.bsp.rom_size_bytes" value="config.bsp.rom_size_bytes.value"/>
      <property id="config.bsp.rom_size_bytes_hidden" value="2097152"/>
      <property id="config.bsp.ram_size_bytes" value="config.bsp.ram_size_bytes.value"/>
      <property id="config.bsp.data_flash_size_bytes" value="config.bsp.data_flash_size_bytes.value"/>
      <property id="config.bsp.package_style" value="config.bsp.package_style.value"/>
      <property id="config.bsp.package_pins" value="config.bsp.package_pins.value"/>
      <property id="config.bsp.irq_count_hidden" value="96"/>
    </config>
    <config id="config.bsp.ra6m5">
      <property id="config.bsp.series" value="config.bsp.series.value"/>
    </config>
    <config id="config.bsp.ra6m5.fsp">
      <property id="config.bsp.fsp.inline_irq_functions" value="config.bsp.common.inline_irq_functions.enabled"/>
      <property id="config.bsp.fsp.tz.exception_response" value="config.bsp.fsp.tz.exception_response.nmi"/>
      <property id="config.bsp.fsp.tz.cmsis.bfhfnmins" value="config.bsp.fsp.tz.cmsis.bfhfnmins.secure"/>
      <property id="config.bsp.fsp.tz.cmsis.sysresetreqs" value="config.bsp.fsp.tz.cmsis.sysresetreqs.secure_only"/>
      <property id="config.bsp.fsp.tz.cmsis.s_priority_boost" value="config.bsp.fsp.tz.cmsis.s_priority_boost.disabled"/>
      <property id="config.bsp.fsp.tz.csar" value="config.bsp.fsp.tz.csar.both"/>
      <property id="config.bsp.fsp.tz.rstsar" value="config.bsp.fsp.tz.rstsar.both"/>
      <property id="config.bsp.fsp.tz.bbfsar" value="config.bsp.fsp.tz.bbfsar.both"/>
      <property id="config.bsp.fsp.tz.sramsar.sramprcr" value="config.bsp.fsp.tz.sramsar.sramprcr.both"/>
      <property id="config.bsp.fsp.tz.sramsar.sramecc" value="config.bsp.fsp.tz.sramsar.sramecc.both"/>
      <property id="config.bsp.fsp.tz.stbramsar" value="config.bsp.fsp.tz.stbramsar.both"/>
      <property id="config.bsp.fsp.tz.bussara" value="config.bsp.fsp.tz.bussara.both"/>
      <property id="config.bsp.fsp.tz.bussarb" value="config.bsp.fsp.tz.bussarb.both"/>
      <property id="config.bsp.fsp.tz.banksel_sel" value="config.bsp.fsp.tz.banksel_sel.both"/>
      <property id="config.bsp.fsp.tz.uninitialized_ns_application_fallback" value="config.bsp.fsp.tz.uninitialized_ns_application_fallback.enabled"/>
      <property id="config.bsp.fsp.cache_line_size" value="config.bsp.fsp.cache_line_size.32"/>
      <property id="config.bsp.fsp.OFS0.iwdt_start_mode" value="config.bsp.fsp.OFS0.iwdt_start_mode.disabled"/>
      <property id="config.bsp.fsp.OFS0.iwdt_timeout" value="config.bsp.fsp.OFS0.iwdt_timeout.2048"/>
      <property id="config.bsp.fsp.OFS0.iwdt_divisor" value="config.bsp.fsp.OFS0.iwdt_divisor.128"/>
      <property id="config.bsp.fsp.OFS0.iwdt_window_end" value="config.bsp.fsp.OFS0.iwdt_window_end.0"/>
      <property id="config.bsp.fsp.OFS0.iwdt_window_start" value="config.bsp.fsp.OFS0.iwdt_window_start.100"/>
      <property id="config.bsp.fsp.OFS0.iwdt_reset_interrupt" value="config.bsp.fsp.OFS0.iwdt_reset_interrupt.Reset"/>
      <property id="config.bsp.fsp.OFS0.iwdt_stop_control" value="config.bsp.fsp.OFS0.iwdt_stop_control.stops"/>
      <property id="config.bsp.fsp.OFS0.wdt_start_mode" value="config.bsp.fsp.OFS0.wdt_start_mode.register"/>
      <property id="config.bsp.fsp.OFS0.wdt_timeout" value="config.bsp.fsp.OFS0.wdt_timeout.16384"/>
      <property id="config.bsp.fsp.OFS0.wdt_divisor" value="config.bsp.fsp.OFS0.wdt_divisor.128"/>
      <property id="config.bsp.fsp.OFS0.wdt_window_end" value="config.bsp.fsp.OFS0.wdt_window_end.0"/>
      <property id="config.bsp.fsp.OFS0.wdt_window_start" value="config.bsp.fsp.OFS0.wdt_window_start.100"/>
      <property id="config.bsp.fsp.OFS0.wdt_reset_interrupt" value="config.bsp.fsp.OFS0.wdt_reset_interrupt.Reset"/>
      <property id="config.bsp.fsp.OFS0.wdt_stop_control" value="config.bsp.fsp.OFS0.wdt_stop_control.stops"/>
      <property id="config.bsp.fsp.OFS1_SEL.voltage_detection0_level" value="config.bsp.fsp.OFS1_SEL.voltage_detection0_level.secure"/>
      <property id="config.bsp.fsp.OFS1_SEL.voltage_detection0.start" value="config.bsp.fsp.OFS1_SEL.voltage_detection0.start.secure"/>
      <property id="config.bsp.fsp.OFS1.voltage_detection0.start" value="config.bsp.fsp.OFS1.voltage_detection0.start.disabled"/>
      <property id="config.bsp.fsp.OFS1.voltage_detection0_level" value="config.bsp.fsp.OFS1.voltage_detection0_level.280"/>
      <property id="config.bsp.fsp.OFS1.hoco_osc" value="config.bsp.fsp.OFS1.hoco_osc.disabled"/>
      <property id="config.bsp.fsp.BPS.BPS0" value=""/>
      <property id="config.bsp.fsp.BPS.BPS1" value=""/>
      <property id="config.bsp.fsp.BPS.BPS2" value=""/>
      <property id="config.bsp.fsp.PBPS.PBPS0" value=""/>
      <property id="config.bsp.fsp.PBPS.PBPS1" value=""/>
      <property id="config.bsp.fsp.PBPS.PBPS2" value=""/>
      <property id="config.bsp.fsp.dual_bank" value="config.bsp.fsp.dual_bank.disabled"/>
      <property id="config.bsp.fsp.hoco_fll" value="config.bsp.fsp.hoco_fll.disabled"/>
      <property id="config.bsp.common.main_osc_wait" value="config.bsp.common.main_osc_wait.wait_8163"/>
      <property id="config.bsp.fsp.mcu.adc.max_freq_hz" value="50000000"/>
      <property id="config.bsp.fsp.mcu.sci_uart.max_baud" value="20000000"/>
      <property id="config.bsp.fsp.mcu.adc.sample_and_hold" value="0"/>
      <property id="config.bsp.fsp.mcu.sci_spi.max_bitrate" value="25000000"/>
      <property id="config.bsp.fsp.mcu.spi.max_bitrate" value="50000000"/>
      <property id="config.bsp.fsp.mcu.iic_master.rate.rate_fastplus" value="1"/>
      <property id="config.bsp.fsp.mcu.iic_master.fastplus_channels" value="0x3"/>
      <property id="config.bsp.fsp.mcu.iic_slave.rate.rate_fastplus" value="1"/>
      <property id="config.bsp.fsp.mcu.iic_slave.fastplus_channels" value="0x3"/>
      <property id="config.bsp.fsp.mcu.canfd.num_channels" value="2"/>
      <property id="config.bsp.fsp.mcu.canfd.rx_fifos" value="8"/>
      <property id="config.bsp.fsp.mcu.canfd.buffer_ram" value="4864"/>
      <property id="config.bsp.fsp.mcu.canfd.afl_rules" value="128"/>
      <property id="config.bsp.fsp.mcu.canfd.afl_rules_each_chnl" value="64"/>
      <property id="config.bsp.fsp.mcu.canfd.max_data_rate_hz" value="8"/>
      <property id="config.bsp.fsp.mcu.sci_uart.cstpen_channels" value="0x03F9"/>
      <property id="config.bsp.fsp.mcu.gpt.pin_count_source_channels" value="0xFFFF"/>
      <property id="config.bsp.fsp.mcu.adc_dmac.samples_per_channel" value="65535"/>
    </config>
    <config id="config.bsp.ra">
      <property id="config.bsp.common.main" value="0x2000"/>
      <property id="config.bsp.common.heap" value="0x20000"/>
      <property id="config.bsp.common.vcc" value="3300"/>
      <property id="config.bsp.common.checking" value="config.bsp.common.checking.disabled"/>
      <property id="config.bsp.common.assert" value="config.bsp.common.assert.none"/>
      <property id="config.bsp.common.error_log" value="config.bsp.common.error_log.none"/>
      <property id="config.bsp.common.soft_reset" value="config.bsp.common.soft_reset.disabled"/>
      <property id="config.bsp.common.main_osc_populated" value="config.bsp.common.main_osc_populated.enabled"/>
      <property id="config.bsp.common.pfs_protect" value="config.bsp.common.pfs_protect.enabled"/>
      <property id="config.bsp.common.c_runtime_init" value="config.bsp.common.c_runtime_init.enabled"/>
      <property id="config.bsp.common.early_init" value="config.bsp.common.early_init.disabled"/>
      <property id="config.bsp.common.main_osc_clock_source" value="config.bsp.common.main_osc_clock_source.crystal"/>
      <property id="config.bsp.common.subclock_populated" value="config.bsp.common.subclock_populated.disabled"/>
      <property id="config.bsp.common.subclock_drive" value="config.bsp.common.subclock_drive.standard"/>
      <property id="config.bsp.common.subclock_stabilization_ms" value="1000"/>
    </config>
  </raBspConfiguration>
  <raClockConfiguration>
    <node id="board.clock.xtal.freq" mul="24000000" option="_edit"/>
    <node id="board.clock.hoco.freq" option="board.clock.hoco.freq.20m"/>
    <node id="board.clock.loco.freq" option="board.clock.loco.freq.32768"/>
    <node id="board.clock.moco.freq" option="board.clock.moco.freq.8m"/>
    <node id="board.clock.subclk.freq" option="board.clock.subclk.freq.32768"/>
    <node id="board.clock.pll.source" option="board.clock.pll.source.hoco"/>
    <node id="board.clock.pll.div" option="board.clock.pll.div.2"/>
    <node id="board.clock.pll.mul" option="board.clock.pll.mul.200"/>
    <node id="board.clock.pll.display" option="board.clock.pll.display.value"/>
    <node id="board.clock.pll2.source" option="board.clock.pll2.source.disabled"/>
    <node id="board.clock.pll2.div" option="board.clock.pll2.div.2"/>
    <node id="board.clock.pll2.mul" option="board.clock.pll2.mul.200"/>
    <node id="board.clock.pll2.display" option="board.clock.pll2.display.value"/>
    <node id="board.clock.clock.source" option="board.clock.clock.source.pll"/>
    <node id="board.clock.clkout.source" option="board.clock.clkout.source.disabled"/>
    <node id="board.clock.uclk.source" option="board.clock.uclk.source.disabled"/>
    <node id="board.clock.u60ck.source" option="board.clock.u60ck.source.disabled"/>
    <node id="board.clock.octaspiclk.source" option="board.clock.octaspiclk.source.disabled"/>
    <node id="board.clock.canfdclk.source" option="board.clock.canfdclk.source.disabled"/>
    <node id="board.clock.cecclk.source" option="board.clock.cecclk.source.disabled"/>
    <node id="board.clock.iclk.div" option="board.clock.iclk.div.1"/>
    <node id="board.clock.pclka.div" option="board.clock.pclka.div.2"/>
    <node id="board.clock.pclkb.div" option="board.clock.pclkb.div.4"/>
    <node id="board.clock.pclkc.div" option="board.clock.pclkc.div.4"/>
    <node id="board.clock.pclkd.div" option="board.clock.pclkd.div.2"/>
    <node id="board.clock.bclk.div" option="board.clock.bclk.div.2"/>
    <node id="board.clock.bclkout.div" option="board.clock.bclkout.div.2"/>
    <node id="board.clock.fclk.div" option="board.clock.fclk.div.4"/>
    <node id="board.clock.clkout.div" option="board.clock.clkout.div.1"/>
    <node id="board.clock.uclk.div" option="board.clock.uclk.div.5"/>
    <node id="board.clock.u60ck.div" option="board.clock.u60ck.div.1"/>
    <node id="board.clock.octaspiclk.div" option="board.clock.octaspiclk.div.1"/>
    <node id="board.clock.canfdclk.div" option="board.clock.canfdclk.div.1"/>
    <node id="board.clock.cecclk.div" option="board.clock.cecclk.div.1"/>
    <node id="board.clock.iclk.display" option="board.clock.iclk.display.value"/>
    <node id="board.clock.pclka.display" option="board.clock.pclka.display.value"/>
    <node id="board.clock.pclkb.display" option="board.clock.pclkb.display.value"/>
    <node id="board.clock.pclkc.display" option="board.clock.pclkc.display.value"/>
    <node id="board.clock.pclkd.display" option="board.clock.pclkd.display.value"/>
    <node id="board.clock.bclk.display" option="board.clock.bclk.display.value"/>
    <node id="board.clock.bclkout.display" option="board.clock.bclkout.display.value"/>
    <node id="board.clock.fclk.display" option="board.clock.fclk.display.value"/>
    <node id="board.clock.clkout.display" option="board.clock.clkout.display.value"/>
    <node id="board.clock.uclk.display" option="board.clock.uclk.display.value"/>
    <node id="board.clock.u60ck.display" option="board.clock.u60ck.display.value"/>
    <node id="board.clock.octaspiclk.display" option="board.clock.octaspiclk.display.value"/>
    <node id="board.clock.canfdclk.display" option="board.clock.canfdclk.display.value"/>
    <node id="board.clock.cecclk.display" option="board.clock.cecclk.display.value"/>
  </raClockConfiguration>
  <raComponentSelection>
    <component apiversion="" class="CMSIS" condition="" group="CMSIS5" subgroup="CoreM" variant="" vendor="Arm" version="6.1.0+fsp.5.4.0">
      <description>Arm CMSIS Version 6 - Core (M)</description>
      <originalPack>Arm.CMSIS6.6.1.0+fsp.5.4.0.pack</originalPack>
    </component>
    <component apiversion="" class="BSP" condition="" group="ra6m5" subgroup="device" variant="R7FA6M5BH3CFC" vendor="Renesas" version="5.4.0">
      <description>Board support package for R7FA6M5BH3CFC</description>
      <originalPack>Renesas.RA_mcu_ra6m5.5.4.0.pack</originalPack>
    </component>
    <component apiversion="" class="BSP" condition="" group="ra6m5" subgroup="device" variant="" vendor="Renesas" version="5.4.0">
      <description>Board support package for RA6M5</description>
      <originalPack>Renesas.RA_mcu_ra6m5.5.4.0.pack</originalPack>
    </component>
    <component apiversion="" class="BSP" condition="" group="ra6m5" subgroup="fsp" variant="" vendor="Renesas" version="5.4.0">
      <description>Board support package for RA6M5 - FSP Data</description>
      <originalPack>Renesas.RA_mcu_ra6m5.5.4.0.pack</originalPack>
    </component>
    <component apiversion="" class="BSP" condition="" group="ra6m5" subgroup="events" variant="" vendor="Renesas" version="5.4.0">
      <description>Board support package for RA6M5 - Events</description>
      <originalPack>Renesas.RA_mcu_ra6m5.5.4.0.pack</originalPack>
    </component>
    <component apiversion="" class="RTOS" condition="" group="FreeRTOS" subgroup="all" variant="" vendor="AWS" version="10.6.1+fsp.5.4.0">
      <description>FreeRTOS</description>
      <originalPack>Amazon.FreeRTOS-Kernel.10.6.1+fsp.5.4.0.pack</originalPack>
    </component>
    <component apiversion="" class="Heaps" condition="" group="FreeRTOS" subgroup="heap_4" variant="" vendor="AWS" version="10.6.1+fsp.5.4.0">
      <description>FreeRTOS - Memory Management - Heap 4</description>
      <originalPack>Amazon.FreeRTOS-Kernel.10.6.1+fsp.5.4.0.pack</originalPack>
    </component>
    <component apiversion="" class="Common" condition="" group="all" subgroup="fsp_common" variant="" vendor="Renesas" version="5.4.0">
      <description>Board Support Package Common Files</description>
      <originalPack>Renesas.RA.5.4.0.pack</originalPack>
    </component>
    <component apiversion="" class="HAL Drivers" condition="" group="all" subgroup="r_cgc" variant="" vendor="Renesas" version="5.4.0">
      <description>Clock Generation Circuit</description>
      <originalPack>Renesas.RA.5.4.0.pack</originalPack>
    </component>
    <component apiversion="" class="HAL Drivers" condition="" group="all" subgroup="r_gpt" variant="" vendor="Renesas" version="5.4.0">
      <description>General PWM Timer</description>
      <originalPack>Renesas.RA.5.4.0.pack</originalPack>
    </component>
    <component apiversion="" class="HAL Drivers" condition="" group="all" subgroup="r_icu" variant="" vendor="Renesas" version="5.4.0">
      <description>External Interrupt</description>
      <originalPack>Renesas.RA.5.4.0.pack</originalPack>
    </component>
    <component apiversion="" class="HAL Drivers" condition="" group="all" subgroup="r_iic_master" variant="" vendor="Renesas" version="5.4.0">
      <description>I2C Master Interface</description>
      <originalPack>Renesas.RA.5.4.0.pack</originalPack>
    </component>
    <component apiversion="" class="HAL Drivers" condition="" group="all" subgroup="r_ioport" variant="" vendor="Renesas" version="5.4.0">
      <description>I/O Port</description>
      <originalPack>Renesas.RA.5.4.0.pack</originalPack>
    </component>
    <component apiversion="" class="HAL Drivers" condition="" group="all" subgroup="r_sci_uart" variant="" vendor="Renesas" version="5.4.0">
      <description>SCI UART</description>
      <originalPack>Renesas.RA.5.4.0.pack</originalPack>
    </component>
    <component apiversion="" class="Middleware" condition="" group="all" subgroup="rm_freertos_port" variant="" vendor="Renesas" version="5.4.0">
      <description>FreeRTOS Port</description>
      <originalPack>Renesas.RA.5.4.0.pack</originalPack>
    </component>
    <component apiversion="" class="Middleware" condition="" group="all" subgroup="rm_comms_i2c" variant="" vendor="Renesas" version="5.4.0">
      <description>I2C Communications Implementation</description>
      <originalPack>Renesas.RA.5.4.0.pack</originalPack>
    </component>
    <component apiversion="" class="Middleware" condition="" group="all" subgroup="rm_hs300x" variant="" vendor="Renesas" version="5.4.0">
      <description>HS300X Sensor Implementation</description>
      <originalPack>Renesas.RA.5.4.0.pack</originalPack>
    </component>
    <component apiversion="" class="BSP" condition="" group="Board" subgroup="ra6m5_ck" variant="" vendor="Renesas" version="5.4.0">
      <description>CK-RA6M5 Board Support Files</description>
      <originalPack>Renesas.RA_board_ra6m5_ck.5.4.0.pack</originalPack>
    </component>
  </raComponentSelection>
  <raElcConfiguration/>
  <raIcuConfiguration/>
  <raModuleConfiguration>
    <module id="module.driver.ioport_on_ioport.0">
      <property id="module.driver.ioport.name" value="g_ioport"/>
      <property id="module.driver.ioport.elc_trigger_ioport1" value="_disabled"/>
      <property id="module.driver.ioport.elc_trigger_ioport2" value="_disabled"/>
      <property id="module.driver.ioport.elc_trigger_ioport3" value="_disabled"/>
      <property id="module.driver.ioport.elc_trigger_ioport4" value="_disabled"/>
      <property id="module.driver.ioport.pincfg" value="g_bsp_pin_cfg"/>
    </module>
    <module id="module.middleware.rm_freertos_port.0"/>
    <module id="module.freertos.heap.4.1806321380"/>
    <module id="module.driver.cgc_on_cgc.1452856550">
      <property id="module.driver.cgc.name" value="g_cgc0"/>
      <property id="module.driver.cgc.ostd_system_clock_enabled" value="module.driver.cgc.ostd_system_clock_enabled.true"/>
      <property id="module.driver.cgc.callback" value="NULL"/>
      <property id="module.driver.cgc.SOSTD" value="module.driver.cgc.SOSTD.false"/>
      <property id="module.driver.cgc.SOSTD.OSDCCMP" value="0"/>
      <property id="module.driver.cgc.sostd_ipl" value="_disabled"/>
      <property id="module.driver.cgc.MOSTD" value="module.driver.cgc.MOSTD.false"/>
      <property id="module.driver.cgc.MOSTD.OSDCCMP" value="0"/>
      <property id="module.driver.cgc.mostd_ipl" value="_disabled"/>
      <property id="module.driver.cgc.OSTDCSE" value="module.driver.cgc.OSTDCSE.false"/>
    </module>
    <module id="module.driver.timer_on_gpt.111620339">
      <property id="module.driver.timer.name" value="g_timer0"/>
      <property id="module.driver.timer.channel" value="0"/>
      <property id="module.driver.timer.mode" value="module.driver.timer.mode.mode_periodic"/>
      <property id="module.driver.timer.period" value="10"/>
      <property id="module.driver.timer.compare_match.a.status" value="module.driver.timer.compare_match.a.status.disabled"/>
      <property id="module.driver.timer.compare_match.a.value" value="0"/>
      <property id="module.driver.timer.compare_match.b.status" value="module.driver.timer.compare_match.b.status.disabled"/>
      <property id="module.driver.timer.compare_match.b.value" value="0"/>
      <property id="module.driver.timer.unit" value="module.driver.timer.unit.unit_period_msec"/>
      <property id="module.driver.timer.gtior.gtioa.initial_output_level" value="module.driver.timer.gtior.gtioa.initial_output_level.low"/>
      <property id="module.driver.timer.gtior.gtioa.cycle_end_output_level" value="module.driver.timer.gtior.gtioa.cycle_end_output_level.retain"/>
      <property id="module.driver.timer.gtior.gtioa.compare_match_output_level" value="module.driver.timer.gtior.gtioa.compare_match_output_level.retain"/>
      <property id="module.driver.timer.gtior.gtioa.count_stop_retain" value="module.driver.timer.gtior.gtioa.count_stop_retain.disabled"/>
      <property id="module.driver.timer.gtior.gtiob.initial_output_level" value="module.driver.timer.gtior.gtiob.initial_output_level.low"/>
      <property id="module.driver.timer.gtior.gtiob.cycle_end_output_level" value="module.driver.timer.gtior.gtiob.cycle_end_output_level.retain"/>
      <property id="module.driver.timer.gtior.gtiob.compare_match_output_level" value="module.driver.timer.gtior.gtiob.compare_match_output_level.retain"/>
      <property id="module.driver.timer.gtior.gtiob.count_stop_retain" value="module.driver.timer.gtior.gtiob.count_stop_retain.disabled"/>
      <property id="module.driver.timer.gtior.custom_waveform_enable" value="module.driver.timer.gtior.custom_waveform_enable.disabled"/>
      <property id="module.driver.timer.duty_cycle" value="50"/>
      <property id="module.driver.timer.gtioca_output_enabled" value="module.driver.timer.gtioca_output_enabled.false"/>
      <property id="module.driver.timer.gtioca_stop_level" value="module.driver.timer.gtioca_stop_level.pin_level_low"/>
      <property id="module.driver.timer.gtiocb_output_enabled" value="module.driver.timer.gtiocb_output_enabled.false"/>
      <property id="module.driver.timer.gtiocb_stop_level" value="module.driver.timer.gtiocb_stop_level.pin_level_low"/>
      <property id="module.driver.timer.count_up_source" value=""/>
      <property id="module.driver.timer.count_down_source" value=""/>
      <property id="module.driver.timer.start_source" value=""/>
      <property id="module.driver.timer.stop_source" value=""/>
      <property id="module.driver.timer.clear_source" value=""/>
      <property id="module.driver.timer.capture_a_source" value=""/>
      <property id="module.driver.timer.capture_b_source" value=""/>
      <property id="module.driver.timer.gtioca_filter" value="module.driver.timer.gtioc_filter.gtioc_filter_none"/>
      <property id="module.driver.timer.gtiocb_filter" value="module.driver.timer.gtioc_filter.gtioc_filter_none"/>
      <property id="module.driver.timer.p_callback" value="t_callback"/>
      <property id="module.driver.timer.ipl" value="board.icu.common.irq.priority5"/>
      <property id="module.driver.timer.capture_a_ipl" value="_disabled"/>
      <property id="module.driver.timer.capture_b_ipl" value="_disabled"/>
      <property id="module.driver.timer.trough_ipl" value="_disabled"/>
      <property id="module.driver.timer.extra" value="module.driver.timer.extra.disabled"/>
      <property id="module.driver.timer.poeg_link" value="module.driver.timer.poeg_link.poeg_link_poeg0"/>
      <property id="module.driver.timer.output_disable" value=""/>
      <property id="module.driver.timer.adc_trigger" value=""/>
      <property id="module.driver.timer.adc_a_compare_match" value="0"/>
      <property id="module.driver.timer.adc_b_compare_match" value="0"/>
      <property id="module.driver.timer.dead_time_count_up" value="0"/>
      <property id="module.driver.timer.dead_time_count_down" value="0"/>
      <property id="module.driver.timer.interrupt_skip.source" value="module.driver.timer.interrupt_skip.source.none"/>
      <property id="module.driver.timer.interrupt_skip.count" value="module.driver.timer.interrupt_skip.count.count_0"/>
      <property id="module.driver.timer.interrupt_skip.adc" value="module.driver.timer.interrupt_skip.adc.none"/>
      <property id="module.driver.timer.gtioca_disable_setting" value="module.driver.timer.gtioca_disable_setting.gtioc_disable_prohibited"/>
      <property id="module.driver.timer.gtiocb_disable_setting" value="module.driver.timer.gtiocb_disable_setting.gtioc_disable_prohibited"/>
    </module>
    <module id="module.driver.timer_on_gpt.1538961567">
      <property id="module.driver.timer.name" value="g_timer1"/>
      <property id="module.driver.timer.channel" value="1"/>
      <property id="module.driver.timer.mode" value="module.driver.timer.mode.mode_periodic"/>
      <property id="module.driver.timer.period" value="1"/>
      <property id="module.driver.timer.compare_match.a.status" value="module.driver.timer.compare_match.a.status.disabled"/>
      <property id="module.driver.timer.compare_match.a.value" value="0"/>
      <property id="module.driver.timer.compare_match.b.status" value="module.driver.timer.compare_match.b.status.disabled"/>
      <property id="module.driver.timer.compare_match.b.value" value="0"/>
      <property id="module.driver.timer.unit" value="module.driver.timer.unit.unit_period_sec"/>
      <property id="module.driver.timer.gtior.gtioa.initial_output_level" value="module.driver.timer.gtior.gtioa.initial_output_level.low"/>
      <property id="module.driver.timer.gtior.gtioa.cycle_end_output_level" value="module.driver.timer.gtior.gtioa.cycle_end_output_level.retain"/>
      <property id="module.driver.timer.gtior.gtioa.compare_match_output_level" value="module.driver.timer.gtior.gtioa.compare_match_output_level.retain"/>
      <property id="module.driver.timer.gtior.gtioa.count_stop_retain" value="module.driver.timer.gtior.gtioa.count_stop_retain.disabled"/>
      <property id="module.driver.timer.gtior.gtiob.initial_output_level" value="module.driver.timer.gtior.gtiob.initial_output_level.low"/>
      <property id="module.driver.timer.gtior.gtiob.cycle_end_output_level" value="module.driver.timer.gtior.gtiob.cycle_end_output_level.retain"/>
      <property id="module.driver.timer.gtior.gtiob.compare_match_output_level" value="module.driver.timer.gtior.gtiob.compare_match_output_level.retain"/>
      <property id="module.driver.timer.gtior.gtiob.count_stop_retain" value="module.driver.timer.gtior.gtiob.count_stop_retain.disabled"/>
      <property id="module.driver.timer.gtior.custom_waveform_enable" value="module.driver.timer.gtior.custom_waveform_enable.disabled"/>
      <property id="module.driver.timer.duty_cycle" value="50"/>
      <property id="module.driver.timer.gtioca_output_enabled" value="module.driver.timer.gtioca_output_enabled.false"/>
      <property id="module.driver.timer.gtioca_stop_level" value="module.driver.timer.gtioca_stop_level.pin_level_low"/>
      <property id="module.driver.timer.gtiocb_output_enabled" value="module.driver.timer.gtiocb_output_enabled.false"/>
      <property id="module.driver.timer.gtiocb_stop_level" value="module.driver.timer.gtiocb_stop_level.pin_level_low"/>
      <property id="module.driver.timer.count_up_source" value=""/>
      <property id="module.driver.timer.count_down_source" value=""/>
      <property id="module.driver.timer.start_source" value=""/>
      <property id="module.driver.timer.stop_source" value=""/>
      <property id="module.driver.timer.clear_source" value=""/>
      <property id="module.driver.timer.capture_a_source" value=""/>
      <property id="module.driver.timer.capture_b_source" value=""/>
      <property id="module.driver.timer.gtioca_filter" value="module.driver.timer.gtioc_filter.gtioc_filter_none"/>
      <property id="module.driver.timer.gtiocb_filter" value="module.driver.timer.gtioc_filter.gtioc_filter_none"/>
      <property id="module.driver.timer.p_callback" value="g_user_timer_cb"/>
      <property id="module.driver.timer.ipl" value="board.icu.common.irq.priority5"/>
      <property id="module.driver.timer.capture_a_ipl" value="_disabled"/>
      <property id="module.driver.timer.capture_b_ipl" value="_disabled"/>
      <property id="module.driver.timer.trough_ipl" value="_disabled"/>
      <property id="module.driver.timer.extra" value="module.driver.timer.extra.disabled"/>
      <property id="module.driver.timer.poeg_link" value="module.driver.timer.poeg_link.poeg_link_poeg0"/>
      <property id="module.driver.timer.output_disable" value=""/>
      <property id="module.driver.timer.adc_trigger" value=""/>
      <property id="module.driver.timer.adc_a_compare_match" value="0"/>
      <property id="module.driver.timer.adc_b_compare_match" value="0"/>
      <property id="module.driver.timer.dead_time_count_up" value="0"/>
      <property id="module.driver.timer.dead_time_count_down" value="0"/>
      <property id="module.driver.timer.interrupt_skip.source" value="module.driver.timer.interrupt_skip.source.none"/>
      <property id="module.driver.timer.interrupt_skip.count" value="module.driver.timer.interrupt_skip.count.count_0"/>
      <property id="module.driver.timer.interrupt_skip.adc" value="module.driver.timer.interrupt_skip.adc.none"/>
      <property id="module.driver.timer.gtioca_disable_setting" value="module.driver.timer.gtioca_disable_setting.gtioc_disable_prohibited"/>
      <property id="module.driver.timer.gtiocb_disable_setting" value="module.driver.timer.gtiocb_disable_setting.gtioc_disable_prohibited"/>
    </module>
    <module id="module.driver.timer_on_gpt.845584611">
      <property id="module.driver.timer.name" value="g_timer2"/>
      <property id="module.driver.timer.channel" value="2"/>
      <property id="module.driver.timer.mode" value="module.driver.timer.mode.mode_periodic"/>
      <property id="module.driver.timer.period" value="1"/>
      <property id="module.driver.timer.compare_match.a.status" value="module.driver.timer.compare_match.a.status.disabled"/>
      <property id="module.driver.timer.compare_match.a.value" value="0"/>
      <property id="module.driver.timer.compare_match.b.status" value="module.driver.timer.compare_match.b.status.disabled"/>
      <property id="module.driver.timer.compare_match.b.value" value="0"/>
      <property id="module.driver.timer.unit" value="module.driver.timer.unit.unit_period_msec"/>
      <property id="module.driver.timer.gtior.gtioa.initial_output_level" value="module.driver.timer.gtior.gtioa.initial_output_level.low"/>
      <property id="module.driver.timer.gtior.gtioa.cycle_end_output_level" value="module.driver.timer.gtior.gtioa.cycle_end_output_level.retain"/>
      <property id="module.driver.timer.gtior.gtioa.compare_match_output_level" value="module.driver.timer.gtior.gtioa.compare_match_output_level.retain"/>
      <property id="module.driver.timer.gtior.gtioa.count_stop_retain" value="module.driver.timer.gtior.gtioa.count_stop_retain.disabled"/>
      <property id="module.driver.timer.gtior.gtiob.initial_output_level" value="module.driver.timer.gtior.gtiob.initial_output_level.low"/>
      <property id="module.driver.timer.gtior.gtiob.cycle_end_output_level" value="module.driver.timer.gtior.gtiob.cycle_end_output_level.retain"/>
      <property id="module.driver.timer.gtior.gtiob.compare_match_output_level" value="module.driver.timer.gtior.gtiob.compare_match_output_level.retain"/>
      <property id="module.driver.timer.gtior.gtiob.count_stop_retain" value="module.driver.timer.gtior.gtiob.count_stop_retain.disabled"/>
      <property id="module.driver.timer.gtior.custom_waveform_enable" value="module.driver.timer.gtior.custom_waveform_enable.disabled"/>
      <property id="module.driver.timer.duty_cycle" value="50"/>
      <property id="module.driver.timer.gtioca_output_enabled" value="module.driver.timer.gtioca_output_enabled.false"/>
      <property id="module.driver.timer.gtioca_stop_level" value="module.driver.timer.gtioca_stop_level.pin_level_low"/>
      <property id="module.driver.timer.gtiocb_output_enabled" value="module.driver.timer.gtiocb_output_enabled.false"/>
      <property id="module.driver.timer.gtiocb_stop_level" value="module.driver.timer.gtiocb_stop_level.pin_level_low"/>
      <property id="module.driver.timer.count_up_source" value=""/>
      <property id="module.driver.timer.count_down_source" value=""/>
      <property id="module.driver.timer.start_source" value=""/>
      <property id="module.driver.timer.stop_source" value=""/>
      <property id="module.driver.timer.clear_source" value=""/>
      <property id="module.driver.timer.capture_a_source" value=""/>
      <property id="module.driver.timer.capture_b_source" value=""/>
      <property id="module.driver.timer.gtioca_filter" value="module.driver.timer.gtioc_filter.gtioc_filter_none"/>
      <property id="module.driver.timer.gtiocb_filter" value="module.driver.timer.gtioc_filter.gtioc_filter_none"/>
      <property id="module.driver.timer.p_callback" value="TimerCallback"/>
      <property id="module.driver.timer.ipl" value="board.icu.common.irq.priority6"/>
      <property id="module.driver.timer.capture_a_ipl" value="_disabled"/>
      <property id="module.driver.timer.capture_b_ipl" value="_disabled"/>
      <property id="module.driver.timer.trough_ipl" value="_disabled"/>
      <property id="module.driver.timer.extra" value="module.driver.timer.extra.disabled"/>
      <property id="module.driver.timer.poeg_link" value="module.driver.timer.poeg_link.poeg_link_poeg0"/>
      <property id="module.driver.timer.output_disable" value=""/>
      <property id="module.driver.timer.adc_trigger" value=""/>
      <property id="module.driver.timer.adc_a_compare_match" value="0"/>
      <property id="module.driver.timer.adc_b_compare_match" value="0"/>
      <property id="module.driver.timer.dead_time_count_up" value="0"/>
      <property id="module.driver.timer.dead_time_count_down" value="0"/>
      <property id="module.driver.timer.interrupt_skip.source" value="module.driver.timer.interrupt_skip.source.none"/>
      <property id="module.driver.timer.interrupt_skip.count" value="module.driver.timer.interrupt_skip.count.count_0"/>
      <property id="module.driver.timer.interrupt_skip.adc" value="module.driver.timer.interrupt_skip.adc.none"/>
      <property id="module.driver.timer.gtioca_disable_setting" value="module.driver.timer.gtioca_disable_setting.gtioc_disable_prohibited"/>
      <property id="module.driver.timer.gtiocb_disable_setting" value="module.driver.timer.gtiocb_disable_setting.gtioc_disable_prohibited"/>
    </module>
    <module id="module.driver.hs300x_on_hs300x.107176528">
      <property id="module.driver.hs300x.name" value="g_hs300x_sensor0"/>
      <property id="module.driver.hs300x.p_callback" value="hs300x_callback"/>
    </module>
    <module id="module.driver.comms_i2c_on_comms_i2c_device.594652956">
      <property id="module.driver.comms_i2c_device.name" value="g_comms_i2c_device0"/>
      <property id="module.driver.comms_i2c_device.semaphore_timeout" value="0xFFFFFFFF"/>
      <property id="module.driver.comms_i2c_device.slave_address" value="0x00"/>
      <property id="module.driver.comms_i2c_device.address_mode" value="module.driver.comms_i2c_device.address_mode.address_mode_7bit"/>
      <property id="module.driver.comms_i2c_device.p_callback" value="comms_i2c_callback"/>
    </module>
    <module id="module.driver.comms_i2c_on_comms_i2c_bus.1061252304">
      <property id="module.driver.comms_i2c_bus.name" value="g_comms_i2c_bus0"/>
      <property id="module.driver.comms_i2c_bus.bus_timeout" value="0xFFFFFFFF"/>
      <property id="module.driver.comms_i2c_bus.blocking_semaphore" value="module.driver.comms_i2c_bus.blocking_semaphore.use"/>
      <property id="module.driver.comms_i2c_bus.bus_recursive_mutex" value="module.driver.comms_i2c_bus.bus_recursive_mutex.use"/>
      <property id="module.driver.comms_i2c_bus.channel" value="0"/>
      <property id="module.driver.comms_i2c_bus.rate" value="module.driver.comms_i2c_bus.rate.rate_standard"/>
    </module>
    <module id="module.driver.i2c_on_iic_master.670263795">
      <property id="module.driver.i2c_master.name" value="g_i2c_master0"/>
      <property id="module.driver.i2c_master.channel" value="0"/>
      <property id="module.driver.i2c_master.rate" value="module.driver.i2c_master.rate.rate_fast"/>
      <property id="module.driver.i2c_master.rate_value" value="0"/>
      <property id="module.driver.i2c_master.rise_time_ns" value="120"/>
      <property id="module.driver.i2c_master.fall_time_ns" value="120"/>
      <property id="module.driver.i2c_master.duty" value="50"/>
      <property id="module.driver.i2c_master.slave" value="0x00"/>
      <property id="module.driver.i2c_master.addr_mode" value="module.driver.i2c_master.addr_mode.addr_mode_7bit"/>
      <property id="module.driver.i2c_master.timeout_mode" value="module.driver.i2c_master.timeout_mode.short_mode"/>
      <property id="module.driver.i2c_master.timeout_scl_low" value="module.driver.i2c_master.timeout_scl_low.enabled"/>
      <property id="module.driver.i2c_master.p_callback" value="NULL"/>
      <property id="module.driver.i2c_master.ipl" value="board.icu.common.irq.priority5"/>
    </module>
    <module id="module.driver.comms_i2c_on_comms_i2c_device.868509949">
      <property id="module.driver.comms_i2c_device.name" value="g_comms_i2c_device4"/>
      <property id="module.driver.comms_i2c_device.semaphore_timeout" value="0xFFFFFFFF"/>
      <property id="module.driver.comms_i2c_device.slave_address" value="0x63"/>
      <property id="module.driver.comms_i2c_device.address_mode" value="module.driver.comms_i2c_device.address_mode.address_mode_7bit"/>
      <property id="module.driver.comms_i2c_device.p_callback" value="ICP_comms_i2c_callback"/>
    </module>
    <module id="module.driver.comms_i2c_on_comms_i2c_device.903601268">
      <property id="module.driver.comms_i2c_device.name" value="g_comms_i2c_device5"/>
      <property id="module.driver.comms_i2c_device.semaphore_timeout" value="0xFFFFFFFF"/>
      <property id="module.driver.comms_i2c_device.slave_address" value="0x68"/>
      <property id="module.driver.comms_i2c_device.address_mode" value="module.driver.comms_i2c_device.address_mode.address_mode_7bit"/>
      <property id="module.driver.comms_i2c_device.p_callback" value="ICM_comms_i2c_callback"/>
    </module>
    <module id="module.driver.external_irq_on_icu.904331755">
      <property id="module.driver.external_irq.name" value="g_sensorIRQ"/>
      <property id="module.driver.external_irq.channel" value="14"/>
      <property id="module.driver.external_irq.trigger" value="module.driver.external_irq.trigger.trig_falling"/>
      <property id="module.driver.external_irq.filter_enable" value="module.driver.external_irq.filter_enable.false"/>
      <property id="module.driver.external_irq.clock_source_div" value="module.driver.external_irq.clock_source_div.clock_source_div_by_64"/>
      <property id="module.driver.external_irq.p_callback" value="sensorOBIRQCallback"/>
      <property id="module.driver.external_irq.ipl" value="board.icu.common.irq.priority2"/>
    </module>
    <module id="module.driver.uart_on_sci_uart.65220816">
      <property id="module.driver.uart.name" value="g_sensor_uart"/>
      <property id="module.driver.uart.channel" value="9"/>
      <property id="module.driver.uart.data_bits" value="module.driver.uart.data_bits.data_bits_8"/>
      <property id="module.driver.uart.parity" value="module.driver.uart.parity.parity_off"/>
      <property id="module.driver.uart.stop_bits" value="module.driver.uart.stop_bits.stop_bits_1"/>
      <property id="module.driver.uart.baud" value="115200"/>
      <property id="module.driver.uart.baudrate_modulation" value="module.driver.uart.baudrate_modulation.disabled"/>
      <property id="module.driver.uart.baudrate_max_err" value="5"/>
      <property id="module.driver.uart.flow_control" value="module.driver.uart.flow_control.rts"/>
      <property id="module.driver.uart.pin_control_port" value="module.driver.uart.pin_control_port.PORT_DISABLE"/>
      <property id="module.driver.uart.pin_control_pin" value="module.driver.uart.pin_control_pin.PIN_DISABLE"/>
      <property id="module.driver.uart.clk_src" value="module.driver.uart.clk_src.int_clk"/>
      <property id="module.driver.uart.rx_edge_start" value="module.driver.uart.rx_edge_start.falling_edge"/>
      <property id="module.driver.uart.noisecancel_en" value="module.driver.uart.noisecancel_en.disabled"/>
      <property id="module.driver.uart.rx_fifo_trigger" value="module.driver.uart.rx_fifo_trigger.max"/>
      <property id="module.driver.uart.rs485.de_enable" value="module.driver.uart.rs485.de_enable.disabled"/>
      <property id="module.driver.uart.rs485.de_polarity" value="module.driver.uart.rs485.de_polarity.high"/>
      <property id="module.driver.uart.rs485.de_port_number" value="module.driver.uart.rs485.de_port_number.PORT_DISABLE"/>
      <property id="module.driver.uart.rs485.de_pin_number" value="module.driver.uart.rs485.de_pin_number.PIN_DISABLE"/>
      <property id="module.driver.uart.callback" value="sensor_uart_callback"/>
      <property id="module.driver.uart.rxi_ipl" value="board.icu.common.irq.priority12"/>
      <property id="module.driver.uart.txi_ipl" value="board.icu.common.irq.priority12"/>
      <property id="module.driver.uart.tei_ipl" value="board.icu.common.irq.priority12"/>
      <property id="module.driver.uart.eri_ipl" value="board.icu.common.irq.priority12"/>
    </module>
    <module id="module.driver.i2c_on_iic_master.418158386">
      <property id="module.driver.i2c_master.name" value="g_i2c_master"/>
      <property id="module.driver.i2c_master.channel" value="1"/>
      <property id="module.driver.i2c_master.rate" value="module.driver.i2c_master.rate.rate_standard"/>
      <property id="module.driver.i2c_master.rate_value" value="0"/>
      <property id="module.driver.i2c_master.rise_time_ns" value="120"/>
      <property id="module.driver.i2c_master.fall_time_ns" value="120"/>
      <property id="module.driver.i2c_master.duty" value="50"/>
      <property id="module.driver.i2c_master.slave" value="0x1D"/>
      <property id="module.driver.i2c_master.addr_mode" value="module.driver.i2c_master.addr_mode.addr_mode_7bit"/>
      <property id="module.driver.i2c_master.timeout_mode" value="module.driver.i2c_master.timeout_mode.short_mode"/>
      <property id="module.driver.i2c_master.timeout_scl_low" value="module.driver.i2c_master.timeout_scl_low.enabled"/>
      <property id="module.driver.i2c_master.p_callback" value="i2c_master_callback"/>
      <property id="module.driver.i2c_master.ipl" value="board.icu.common.irq.priority12"/>
    </module>
    <object id="rtos.awsfreertos.object.queue.878604129">
      <property id="rtos.awsfreertos.object.queue.symbol" value="g_topic_queue"/>
      <property id="rtos.awsfreertos.object.queue.item_size" value="64"/>
      <property id="rtos.awsfreertos.object.queue.queue_length" value="16"/>
      <property id="rtos.awsfreertos.object.queue.allocation" value="rtos.awsfreertos.object.queue.allocation.static"/>
    </object>
    <object id="rtos.awsfreertos.object.mutex.225607669">
      <property id="rtos.awsfreertos.object.mutex.symbol" value="g_sens_data_mutex"/>
      <property id="rtos.awsfreertos.object.mutex.type" value="rtos.awsfreertos.object.mutex.type.mutex"/>
      <property id="rtos.awsfreertos.object.mutex.allocation" value="rtos.awsfreertos.object.mutex.allocation.static"/>
    </object>
    <object id="rtos.awsfreertos.object.binary_semaphore.723519950">
      <property id="rtos.awsfreertos.object.binary_semaphore.symbol" value="g_console_binary_semaphore"/>
      <property id="rtos.awsfreertos.object.binary_semaphore.allocation" value="rtos.awsfreertos.object.binary_semaphore.allocation.static"/>
    </object>
    <object id="rtos.awsfreertos.object.mutex.1523894425">
      <property id="rtos.awsfreertos.object.mutex.symbol" value="g_console_out_mutex"/>
      <property id="rtos.awsfreertos.object.mutex.type" value="rtos.awsfreertos.object.mutex.type.mutex"/>
      <property id="rtos.awsfreertos.object.mutex.allocation" value="rtos.awsfreertos.object.mutex.allocation.static"/>
    </object>
    <object id="rtos.awsfreertos.object.mutex.1915883963">
      <property id="rtos.awsfreertos.object.mutex.symbol" value="g_update_console_event"/>
      <property id="rtos.awsfreertos.object.mutex.type" value="rtos.awsfreertos.object.mutex.type.mutex"/>
      <property id="rtos.awsfreertos.object.mutex.allocation" value="rtos.awsfreertos.object.mutex.allocation.static"/>
    </object>
    <object id="rtos.awsfreertos.object.binary_semaphore.682681699">
      <property id="rtos.awsfreertos.object.binary_semaphore.symbol" value="g_ob1203_semaphore"/>
      <property id="rtos.awsfreertos.object.binary_semaphore.allocation" value="rtos.awsfreertos.object.binary_semaphore.allocation.static"/>
    </object>
    <context id="_hal.0">
      <stack module="module.driver.ioport_on_ioport.0"/>
      <stack module="module.middleware.rm_freertos_port.0"/>
      <stack module="module.freertos.heap.4.1806321380"/>
      <stack module="module.driver.cgc_on_cgc.1452856550"/>
      <stack module="module.driver.timer_on_gpt.111620339"/>
      <stack module="module.driver.timer_on_gpt.1538961567"/>
      <stack module="module.driver.timer_on_gpt.845584611"/>
      <stack module="module.driver.external_irq_on_icu.904331755"/>
      <stack module="module.driver.uart_on_sci_uart.65220816"/>
      <stack module="module.driver.i2c_on_iic_master.418158386"/>
    </context>
    <context id="rtos.awsfreertos.thread.776883686">
      <property id="_symbol" value="sensor_thread"/>
      <property id="rtos.awsfreertos.thread.name" value="Sensor Thread"/>
      <property id="rtos.awsfreertos.thread.stack" value="8192"/>
      <property id="rtos.awsfreertos.thread.priority" value="4"/>
      <property id="rtos.awsfreertos.thread.context" value="NULL"/>
      <property id="rtos.awsfreertos.thread.allocation" value="rtos.awsfreertos.thread.allocation.static"/>
      <property id="rtos.awsfreertos.thread.secure_context" value="rtos.awsfreertos.thread.secure_context.enable"/>
      <stack module="module.driver.hs300x_on_hs300x.107176528">
        <stack module="module.driver.comms_i2c_on_comms_i2c_device.594652956" requires="module.driver.hs300x.requires.comms_i2c_device">
          <stack module="module.driver.comms_i2c_on_comms_i2c_bus.1061252304" requires="module.driver.comms_i2c_device.requires.comms_i2c_bus">
            <stack module="module.driver.i2c_on_iic_master.670263795" requires="module.driver.comms_i2c_bus.requires.i2c"/>
          </stack>
        </stack>
      </stack>
      <stack module="module.driver.comms_i2c_on_comms_i2c_device.868509949">
        <stack module="module.driver.comms_i2c_on_comms_i2c_bus.1061252304" requires="module.driver.comms_i2c_device.requires.comms_i2c_bus">
          <stack module="module.driver.i2c_on_iic_master.670263795" requires="module.driver.comms_i2c_bus.requires.i2c"/>
        </stack>
      </stack>
      <stack module="module.driver.comms_i2c_on_comms_i2c_device.903601268">
        <stack module="module.driver.comms_i2c_on_comms_i2c_bus.1061252304" requires="module.driver.comms_i2c_device.requires.comms_i2c_bus">
          <stack module="module.driver.i2c_on_iic_master.670263795" requires="module.driver.comms_i2c_bus.requires.i2c"/>
        </stack>
      </stack>
    </context>
    <context id="rtos.awsfreertos.thread.774679087">
      <property id="_symbol" value="app_thread"/>
      <property id="rtos.awsfreertos.thread.name" value="App Thread"/>
      <property id="rtos.awsfreertos.thread.stack" value="0x12000"/>
      <property id="rtos.awsfreertos.thread.priority" value="3"/>
      <property id="rtos.awsfreertos.thread.context" value="NULL"/>
      <property id="rtos.awsfreertos.thread.allocation" value="rtos.awsfreertos.thread.allocation.static"/>
      <property id="rtos.awsfreertos.thread.secure_context" value="rtos.awsfreertos.thread.secure_context.enable"/>
    </context>
    <config id="config.driver.comms_i2c">
      <property id="config.driver.comms_i2c.param_checking_enable" value="config.driver.comms_i2c.param_checking_enable.bsp"/>
    </config>
    <config id="config.driver.iic_master">
      <property id="config.driver.iic_master.param_checking_enable" value="config.driver.iic_master.param_checking_enable.bsp"/>
      <property id="config.driver.iic_master.dtc_enable" value="config.driver.iic_master.dtc_enable.disabled"/>
      <property id="config.driver.iic_master.addr_mode_10_bit_enable" value="config.driver.iic_master.addr_mode_10_bit_enable.disabled"/>
    </config>
    <config id="config.driver.sci_uart">
      <property id="config.driver.sci_uart.param_checking_enable" value="config.driver.sci_uart.param_checking_enable.bsp"/>
      <property id="config.driver.sci_uart.fifo_support" value="config.driver.sci_uart.fifo_support.enabled"/>
      <property id="config.driver.sci_uart.dtc_support" value="config.driver.sci_uart.dtc_support.enabled"/>
      <property id="config.driver.sci_uart.flow_control" value="config.driver.sci_uart.flow_control.enabled"/>
      <property id="config.driver.sci_uart.rs485" value="config.driver.sci_uart.rs485.disabled"/>
    </config>
    <config id="config.driver.gpt">
      <property id="config.driver.gpt.param_checking_enable" value="config.driver.gpt.param_checking_enable.bsp"/>
      <property id="config.driver.gpt.output_support_enable" value="config.driver.gpt.output_support_enable.disabled"/>
      <property id="config.driver.gpt.write_protect_enable" value="config.driver.gpt.write_protect_enable.disabled"/>
    </config>
    <config id="config.driver.cgc">
      <property id="config.driver.cgc.param_checking_enable" value="config.driver.cgc.param_checking_enable.bsp"/>
    </config>
    <config id="config.driver.ioport">
      <property id="config.driver.ioport.checking" value="config.driver.ioport.checking.system"/>
    </config>
    <config id="config.driver.icu">
      <property id="config.driver.icu.param_checking_enable" value="config.driver.icu.param_checking_enable.bsp"/>
    </config>
    <config id="config.awsfreertos.thread">
      <property id="config.awsfreertos.custom_freertosconfig" value=""/>
      <property id="config.awsfreertos.thread.configuse_preemption" value="config.awsfreertos.thread.configuse_preemption.enabled"/>
      <property id="config.awsfreertos.thread.configuse_port_optimised_task_selection" value="config.awsfreertos.thread.configuse_port_optimised_task_selection.disabled"/>
      <property id="config.awsfreertos.thread.configuse_tickless_idle" value="config.awsfreertos.thread.configuse_tickless_idle.disabled"/>
      <property id="config.awsfreertos.thread.configuse_idle_hook" value="config.awsfreertos.thread.configuse_idle_hook.enabled"/>
      <property id="config.awsfreertos.thread.configuse_malloc_failed_hook" value="config.awsfreertos.thread.configuse_malloc_failed_hook.disabled"/>
      <property id="config.awsfreertos.thread.configuse_daemon_task_startup_hook" value="config.awsfreertos.thread.configuse_daemon_task_startup_hook.disabled"/>
      <property id="config.awsfreertos.thread.configuse_tick_hook" value="config.awsfreertos.thread.configuse_tick_hook.disabled"/>
      <property id="config.awsfreertos.thread.configcpu_clock_hz" value="SystemCoreClock"/>
      <property id="config.awsfreertos.thread.configtick_rate_hz" value="1000"/>
      <property id="config.awsfreertos.thread.configmax_priorities" value="5"/>
      <property id="config.awsfreertos.thread.configminimal_stack_size" value="128"/>
      <property id="config.awsfreertos.thread.configmax_task_name_len" value="16"/>
      <property id="config.awsfreertos.thread.configuse_trace_facility" value="config.awsfreertos.thread.configuse_trace_facility.disabled"/>
      <property id="config.awsfreertos.thread.configuse_stats_formatting_functions" value="config.awsfreertos.thread.configuse_stats_formatting_functions.disabled"/>
      <property id="config.awsfreertos.thread.configuse_16_bit_ticks" value="config.awsfreertos.thread.configuse_16_bit_ticks.disabled"/>
      <property id="config.awsfreertos.thread.configidle_should_yield" value="config.awsfreertos.thread.configidle_should_yield.enabled"/>
      <property id="config.awsfreertos.thread.configuse_task_notifications" value="config.awsfreertos.thread.configuse_task_notifications.enabled"/>
      <property id="config.awsfreertos.thread.configtask_notifications_array_enteries" value="1"/>
      <property id="config.awsfreertos.thread.configuse_mutexes" value="config.awsfreertos.thread.configuse_mutexes.enabled"/>
      <property id="config.awsfreertos.thread.configuse_recursive_mutexes" value="config.awsfreertos.thread.configuse_recursive_mutexes.enabled"/>
      <property id="config.awsfreertos.thread.configuse_counting_semaphores" value="config.awsfreertos.thread.configuse_counting_semaphores.enabled"/>
      <property id="config.awsfreertos.thread.configcheck_for_stack_overflow" value="config.awsfreertos.thread.configcheck_for_stack_overflow.disabled"/>
      <property id="config.awsfreertos.thread.configqueue_registry_size" value="10"/>
      <property id="config.awsfreertos.thread.configuse_queue_sets" value="config.awsfreertos.thread.configuse_queue_sets.disabled"/>
      <property id="config.awsfreertos.thread.configuse_time_slicing" value="config.awsfreertos.thread.configuse_time_slicing.disabled"/>
      <property id="config.awsfreertos.thread.configuse_newlib_reentrant" value="config.awsfreertos.thread.configuse_newlib_reentrant.disabled"/>
      <property id="config.awsfreertos.thread.configenable_backward_compatibility" value="config.awsfreertos.thread.configenable_backward_compatibility.disabled"/>
      <property id="config.awsfreertos.thread.confignum_thread_local_storage_pointers" value="5"/>
      <property id="config.awsfreertos.thread.configstack_depth_type" value="uint32_t"/>
      <property id="config.awsfreertos.thread.configmessage_buffer_length_type" value="size_t"/>
      <property id="config.awsfreertos.thread.configheap_clear_memory_on_free" value="config.awsfreertos.thread.configheap_clear_memory_on_free.disabled"/>
      <property id="config.awsfreertos.thread.configsupport_static_allocation" value="config.awsfreertos.thread.configsupport_static_allocation.enabled"/>
      <property id="config.awsfreertos.thread.configsupport_dynamic_allocation" value="config.awsfreertos.thread.configsupport_dynamic_allocation.enabled"/>
      <property id="config.awsfreertos.thread.configtotal_heap_size" value="0x20000"/>
      <property id="config.awsfreertos.thread.configapplication_allocated_heap" value="config.awsfreertos.thread.configapplication_allocated_heap.disabled"/>
      <property id="config.awsfreertos.thread.configgenerate_run_time_stats" value="config.awsfreertos.thread.configgenerate_run_time_stats.disabled"/>
      <property id="config.awsfreertos.thread.configuse_timers" value="config.awsfreertos.thread.configuse_timers.enabled"/>
      <property id="config.awsfreertos.thread.configtimer_task_priority" value="3"/>
      <property id="config.awsfreertos.thread.configtimer_queue_length" value="10"/>
      <property id="config.awsfreertos.thread.configtimer_task_stack_depth" value="128"/>
      <property id="config.awsfreertos.thread.configlibrary_max_syscall_interrupt_priority" value="board.icu.common.irq.priority1"/>
      <property id="config.awsfreertos.thread.configassert" value="assert(x)"/>
      <property id="config.awsfreertos.thread.configinclude_application_defined_privileged_functions" value="config.awsfreertos.thread.configinclude_application_defined_privileged_functions.disabled"/>
      <property id="config.awsfreertos.thread.include_vtaskpriorityset" value="config.awsfreertos.thread.include_vtaskpriorityset.enabled"/>
      <property id="config.awsfreertos.thread.include_uxtaskpriorityget" value="config.awsfreertos.thread.include_uxtaskpriorityget.enabled"/>
      <property id="config.awsfreertos.thread.include_vtaskdelete" value="config.awsfreertos.thread.include_vtaskdelete.enabled"/>
      <property id="config.awsfreertos.thread.include_vtasksuspend" value="config.awsfreertos.thread.include_vtasksuspend.enabled"/>
      <property id="config.awsfreertos.thread.include_xresumefromisr" value="config.awsfreertos.thread.include_xresumefromisr.enabled"/>
      <property id="config.awsfreertos.thread.include_vtaskdelayuntil" value="config.awsfreertos.thread.include_vtaskdelayuntil.enabled"/>
      <property id="config.awsfreertos.thread.include_vtaskdelay" value="config.awsfreertos.thread.include_vtaskdelay.enabled"/>
      <property id="config.awsfreertos.thread.include_xtaskgetschedulerstate" value="config.awsfreertos.thread.include_xtaskgetschedulerstate.enabled"/>
      <property id="config.awsfreertos.thread.include_xtaskgetcurrenttaskhandle" value="config.awsfreertos.thread.include_xtaskgetcurrenttaskhandle.enabled"/>
      <property id="config.awsfreertos.thread.include_uxtaskgetstackhighwatermark" value="config.awsfreertos.thread.include_uxtaskgetstackhighwatermark.disabled"/>
      <property id="config.awsfreertos.thread.include_xtaskgetidletaskhandle" value="config.awsfreertos.thread.include_xtaskgetidletaskhandle.disabled"/>
      <property id="config.awsfreertos.thread.include_etaskgetstate" value="config.awsfreertos.thread.include_etaskgetstate.disabled"/>
      <property id="config.awsfreertos.thread.include_xeventgroupsetbitfromisr" value="config.awsfreertos.thread.include_xeventgroupsetbitfromisr.enabled"/>
      <property id="config.awsfreertos.thread.include_xtimerpendfunctioncall" value="config.awsfreertos.thread.include_xtimerpendfunctioncall.disabled"/>
      <property id="config.awsfreertos.thread.include_xtaskabortdelay" value="config.awsfreertos.thread.include_xtaskabortdelay.disabled"/>
      <property id="config.awsfreertos.thread.include_xtaskgethandle" value="config.awsfreertos.thread.include_xtaskgethandle.disabled"/>
      <property id="config.awsfreertos.thread.include_xtaskresumefromisr" value="config.awsfreertos.thread.include_xtaskresumefromisr.enabled"/>
      <property id="config.awsfreertos.thread.include_hw_stack_monitor" value="config.awsfreertos.thread.include_hw_stack_monitor.disabled"/>
      <property id="config.awsfreertos.thread.print_function" value="printf(x)"/>
      <property id="config.awsfreertos.thread.include_time_and_task" value="config.awsfreertos.thread.include_time_and_task.disabled"/>
      <property id="config.awsfreertos.thread.debug_logging_name" value="Log Name"/>
      <property id="config.awsfreertos.thread.logging_level" value="config.awsfreertos.thread.logging_level.log_none"/>
    </config>
    <config id="config.driver.hs300x">
      <property id="config.driver.hs300x.param_checking_enable" value="config.driver.hs300x.param_checking_enable.bsp"/>
      <property id="config.driver.hs300x.sensor_data" value="config.driver.hs300x.sensor_data.both_humidity_temperature"/>
      <property id="config.driver.hs300x.programming_mode" value="config.driver.hs300x.programming_mode.off"/>
    </config>
  </raModuleConfiguration>
  <raPinConfiguration>
    <symbolicName propertyId="p000.symbolic_name" value="ARDUINO_A0"/>
    <symbolicName propertyId="p001.symbolic_name" value="ARDUINO_A1"/>
    <symbolicName propertyId="p002.symbolic_name" value="ARDUINO_A2"/>
    <symbolicName propertyId="p003.symbolic_name" value="ARDUINO_A3"/>
    <symbolicName propertyId="p004.symbolic_name" value="PMOD2_INT"/>
    <symbolicName propertyId="p005.symbolic_name" value="PMOD1_INT"/>
    <symbolicName propertyId="p006.symbolic_name" value="ARDUINO_D2_INT0"/>
    <symbolicName propertyId="p008.symbolic_name" value="MEMS_MOTION_INT"/>
    <symbolicName propertyId="p014.symbolic_name" value="ARDUINO_A4"/>
    <symbolicName propertyId="p015.symbolic_name" value="ARDUINO_A5"/>
    <symbolicName propertyId="p104.symbolic_name" value="ARDUINO_D6"/>
    <symbolicName propertyId="p105.symbolic_name" value="ARDUINO_D5"/>
    <symbolicName propertyId="p108.symbolic_name" value="SWDIO"/>
    <symbolicName propertyId="p109.symbolic_name" value="TDO"/>
    <symbolicName propertyId="p110.symbolic_name" value="TDI"/>
    <symbolicName propertyId="p111.symbolic_name" value="ARDUINO_D3_PWM"/>
    <symbolicName propertyId="p112.symbolic_name" value="MIC_SCK"/>
    <symbolicName propertyId="p113.symbolic_name" value="MIC_LRCK"/>
    <symbolicName propertyId="p114.symbolic_name" value="MIC_RXD"/>
    <symbolicName propertyId="p115.symbolic_name" value="ARDUINO_D7"/>
    <symbolicName propertyId="p200.symbolic_name" value="NMI"/>
    <symbolicName propertyId="p201.symbolic_name" value="BOOT_MODE"/>
    <symbolicName propertyId="p202.symbolic_name" value="PMOD1_MISO"/>
    <symbolicName propertyId="p203.symbolic_name" value="PMOD1_MOSI"/>
    <symbolicName propertyId="p204.symbolic_name" value="PMOD1_SCK"/>
    <symbolicName propertyId="p205.symbolic_name" value="PMOD1_SS"/>
    <symbolicName propertyId="p206.symbolic_name" value="PMOD1_SS2_GPIO"/>
    <symbolicName propertyId="p207.symbolic_name" value="PMOD1_SS3_GPIO"/>
    <symbolicName propertyId="p208.symbolic_name" value="ETH_LINK_STATUS"/>
    <symbolicName propertyId="p210.symbolic_name" value="ETH_PHY_RESET"/>
    <symbolicName propertyId="p211.symbolic_name" value="ETH_MDIO"/>
    <symbolicName propertyId="p212.symbolic_name" value="EXTAL"/>
    <symbolicName propertyId="p213.symbolic_name" value="XTAL"/>
    <symbolicName propertyId="p214.symbolic_name" value="ETH_MDC"/>
    <symbolicName propertyId="p300.symbolic_name" value="SWCLK"/>
    <symbolicName propertyId="p303.symbolic_name" value="ARDUINO_RESET"/>
    <symbolicName propertyId="p306.symbolic_name" value="ZMOD4510_RESET"/>
    <symbolicName propertyId="p307.symbolic_name" value="ZMOD4410_RESET"/>
    <symbolicName propertyId="p311.symbolic_name" value="PMOD1_RESET"/>
    <symbolicName propertyId="p400.symbolic_name" value="SENSOR_SCL"/>
    <symbolicName propertyId="p401.symbolic_name" value="SENSOR_SDA"/>
    <symbolicName propertyId="p402.symbolic_name" value="ZMOD4410_INT"/>
    <symbolicName propertyId="p403.symbolic_name" value="OB1203_INT"/>
    <symbolicName propertyId="p404.symbolic_name" value="ZMOD4510_INT"/>
    <symbolicName propertyId="p405.symbolic_name" value="ETH_TXEN"/>
    <symbolicName propertyId="p406.symbolic_name" value="ETH_TXD1"/>
    <symbolicName propertyId="p407.symbolic_name" value="USBFS_VBUS"/>
    <symbolicName propertyId="p409.symbolic_name" value="CELLULAR_RESET"/>
    <symbolicName propertyId="p410.symbolic_name" value="PMOD2_MISO"/>
    <symbolicName propertyId="p411.symbolic_name" value="PMOD2_MOSI"/>
    <symbolicName propertyId="p412.symbolic_name" value="PMOD2_SCK"/>
    <symbolicName propertyId="p413.symbolic_name" value="PMOD2_SS"/>
    <symbolicName propertyId="p414.symbolic_name" value="PMOD2_SS2_GPIO"/>
    <symbolicName propertyId="p415.symbolic_name" value="ARDUINO_D4"/>
    <symbolicName propertyId="p500.symbolic_name" value="USB_SERIAL_CTS"/>
    <symbolicName propertyId="p501.symbolic_name" value="USB_SERIAL_TXD"/>
    <symbolicName propertyId="p502.symbolic_name" value="USB_SERIAL_RXD"/>
    <symbolicName propertyId="p503.symbolic_name" value="ARDUINO_D10_SS"/>
    <symbolicName propertyId="p504.symbolic_name" value="ARDUINO_D13_SCK"/>
    <symbolicName propertyId="p505.symbolic_name" value="ARDUINO_D11_MISO"/>
    <symbolicName propertyId="p506.symbolic_name" value="ARDUINO_D12_MOSI"/>
    <symbolicName propertyId="p508.symbolic_name" value="USB_SERIAL_RTS"/>
    <symbolicName propertyId="p511.symbolic_name" value="ARDUINO_SDA"/>
    <symbolicName propertyId="p512.symbolic_name" value="ARDUINO_SCL"/>
    <symbolicName propertyId="p601.symbolic_name" value="LED4"/>
    <symbolicName propertyId="p602.symbolic_name" value="LED2_RED"/>
    <symbolicName propertyId="p603.symbolic_name" value="LED2_GREEN"/>
    <symbolicName propertyId="p605.symbolic_name" value="LED2_BLUE"/>
    <symbolicName propertyId="p608.symbolic_name" value="ARDUINO_D9"/>
    <symbolicName propertyId="p609.symbolic_name" value="LED3"/>
    <symbolicName propertyId="p610.symbolic_name" value="LED1"/>
    <symbolicName propertyId="p611.symbolic_name" value="ARDUINO_D8"/>
    <symbolicName propertyId="p613.symbolic_name" value="IIC_TXD7"/>
    <symbolicName propertyId="p614.symbolic_name" value="IIC_RXD7"/>
    <symbolicName propertyId="p615.symbolic_name" value="USBFS_VBUS_EN"/>
    <symbolicName propertyId="p700.symbolic_name" value="ETH_TXD0"/>
    <symbolicName propertyId="p701.symbolic_name" value="ETH_50REF"/>
    <symbolicName propertyId="p702.symbolic_name" value="ETH_RXD0"/>
    <symbolicName propertyId="p703.symbolic_name" value="ETH_RXD1"/>
    <symbolicName propertyId="p704.symbolic_name" value="ETH_RXER"/>
    <symbolicName propertyId="p705.symbolic_name" value="ETH_CRSDV"/>
    <symbolicName propertyId="p706.symbolic_name" value="ARDUINO_D1_RX"/>
    <symbolicName propertyId="p707.symbolic_name" value="ARDUINO_D1_TX"/>
    <symbolicName propertyId="p708.symbolic_name" value="PMOD2_SS3_GPIO"/>
    <symbolicName propertyId="p803.symbolic_name" value="ETH_INT"/>
    <symbolicName propertyId="p804.symbolic_name" value="SWITCH_S2"/>
    <symbolicName propertyId="pa08.symbolic_name" value="USBFS_OVERCURA"/>
    <pincfg active="true" name="RA6M5 CK" selected="true" symbol="g_bsp_pin_cfg">
      <configSetting altId="cgc0.extal.p212" configurationId="cgc0.extal"/>
      <configSetting altId="cgc0.mode.mainsub" configurationId="cgc0.mode"/>
      <configSetting altId="cgc0.xtal.p213" configurationId="cgc0.xtal"/>
      <configSetting altId="debug0.mode.swd" configurationId="debug0.mode"/>
      <configSetting altId="debug0.swclk.p300" configurationId="debug0.swclk"/>
      <configSetting altId="debug0.swdio.p108" configurationId="debug0.swdio"/>
      <configSetting altId="etherc0.rmii.crs_dv.p705" configurationId="etherc0.rmii.crs_dv"/>
      <configSetting altId="etherc0.rmii.mdc.p214" configurationId="etherc0.rmii.mdc"/>
      <configSetting altId="etherc0.rmii.mdio.p211" configurationId="etherc0.rmii.mdio"/>
      <configSetting altId="etherc0.rmii.mode.rmii.free" configurationId="etherc0.rmii.mode"/>
      <configSetting altId="etherc0.rmii.pairing.free" configurationId="etherc0.rmii.pairing"/>
      <configSetting altId="etherc0.rmii.ref50ck.p701" configurationId="etherc0.rmii.ref50ck"/>
      <configSetting altId="etherc0.rmii.rx_er.p704" configurationId="etherc0.rmii.rx_er"/>
      <configSetting altId="etherc0.rmii.rxd0.p702" configurationId="etherc0.rmii.rxd0"/>
      <configSetting altId="etherc0.rmii.rxd1.p703" configurationId="etherc0.rmii.rxd1"/>
      <configSetting altId="etherc0.rmii.txd0.p700" configurationId="etherc0.rmii.txd0"/>
      <configSetting altId="etherc0.rmii.txd1.p406" configurationId="etherc0.rmii.txd1"/>
      <configSetting altId="etherc0.rmii.txd_en.p405" configurationId="etherc0.rmii.txd_en"/>
      <configSetting altId="iic0.mode.enabled.a" configurationId="iic0.mode"/>
      <configSetting altId="iic0.scl.p400" configurationId="iic0.scl"/>
      <configSetting altId="iic0.sda.p401" configurationId="iic0.sda"/>
      <configSetting altId="iic1.mode.enabled.a" configurationId="iic1.mode"/>
      <configSetting altId="iic1.scl.p512" configurationId="iic1.scl"/>
      <configSetting altId="iic1.sda.p511" configurationId="iic1.sda"/>
      <configSetting altId="irq0.irq04.p402" configurationId="irq0.irq04"/>
      <configSetting altId="irq0.irq14.p403" configurationId="irq0.irq14"/>
      <configSetting altId="irq0.irq15.p404" configurationId="irq0.irq15"/>
      <configSetting altId="irq0.mode.enabled" configurationId="irq0.mode"/>
      <configSetting altId="p004.input" configurationId="p004"/>
      <configSetting altId="p004.gpio_irq.gpio_irq_enabled" configurationId="p004.gpio_irq"/>
      <configSetting altId="p004.gpio_mode.gpio_mode_in" configurationId="p004.gpio_mode"/>
      <configSetting altId="p004.gpio_pupd.gpio_pupd_ip_up" configurationId="p004.gpio_pupd"/>
      <configSetting altId="p005.input" configurationId="p005"/>
      <configSetting altId="p005.gpio_irq.gpio_irq_enabled" configurationId="p005.gpio_irq"/>
      <configSetting altId="p005.gpio_mode.gpio_mode_in" configurationId="p005.gpio_mode"/>
      <configSetting altId="p005.gpio_pupd.gpio_pupd_ip_up" configurationId="p005.gpio_pupd"/>
      <configSetting altId="p006.input" configurationId="p006"/>
      <configSetting altId="p006.gpio_irq.gpio_irq_enabled" configurationId="p006.gpio_irq"/>
      <configSetting altId="p006.gpio_mode.gpio_mode_in" configurationId="p006.gpio_mode"/>
      <configSetting altId="p006.gpio_pupd.gpio_pupd_ip_up" configurationId="p006.gpio_pupd"/>
      <configSetting altId="p008.input" configurationId="p008"/>
      <configSetting altId="p008.gpio_irq.gpio_irq_enabled" configurationId="p008.gpio_irq"/>
      <configSetting altId="p008.gpio_mode.gpio_mode_in" configurationId="p008.gpio_mode"/>
      <configSetting altId="p008.gpio_pupd.gpio_pupd_ip_up" configurationId="p008.gpio_pupd"/>
      <configSetting altId="p104.input" configurationId="p104"/>
      <configSetting altId="p104.gpio_mode.gpio_mode_in" configurationId="p104.gpio_mode"/>
      <configSetting altId="p105.input" configurationId="p105"/>
      <configSetting altId="p105.gpio_mode.gpio_mode_in" configurationId="p105.gpio_mode"/>
      <configSetting altId="p108.debug0.swdio" configurationId="p108"/>
      <configSetting altId="p108.gpio_speed.gpio_speed_high" configurationId="p108.gpio_drivecapacity"/>
      <configSetting altId="p108.gpio_mode.gpio_mode_peripheral" configurationId="p108.gpio_mode"/>
      <configSetting altId="p111.input" configurationId="p111"/>
      <configSetting altId="p111.gpio_mode.gpio_mode_in" configurationId="p111.gpio_mode"/>
      <configSetting altId="p112.ssi0.ssisck" configurationId="p112"/>
      <configSetting altId="p112.gpio_speed.gpio_speed_high" configurationId="p112.gpio_drivecapacity"/>
      <configSetting altId="p112.gpio_mode.gpio_mode_peripheral" configurationId="p112.gpio_mode"/>
      <configSetting altId="p113.ssi0.ssiws" configurationId="p113"/>
      <configSetting altId="p113.gpio_speed.gpio_speed_high" configurationId="p113.gpio_drivecapacity"/>
      <configSetting altId="p113.gpio_mode.gpio_mode_peripheral" configurationId="p113.gpio_mode"/>
      <configSetting altId="p114.ssi0.ssirxd" configurationId="p114"/>
      <configSetting altId="p114.gpio_speed.gpio_speed_high" configurationId="p114.gpio_drivecapacity"/>
      <configSetting altId="p114.gpio_mode.gpio_mode_peripheral" configurationId="p114.gpio_mode"/>
      <configSetting altId="p115.input" configurationId="p115"/>
      <configSetting altId="p115.gpio_mode.gpio_mode_in" configurationId="p115.gpio_mode"/>
      <configSetting altId="p202.sci9.rxd" configurationId="p202"/>
      <configSetting altId="p202.gpio_mode.gpio_mode_peripheral" configurationId="p202.gpio_mode"/>
      <configSetting altId="p203.sci9.txd" configurationId="p203"/>
      <configSetting altId="p203.gpio_mode.gpio_mode_peripheral" configurationId="p203.gpio_mode"/>
      <configSetting altId="p204.sci9.sck" configurationId="p204"/>
      <configSetting altId="p204.gpio_mode.gpio_mode_peripheral" configurationId="p204.gpio_mode"/>
      <configSetting altId="p205.sci9.ctsrts" configurationId="p205"/>
      <configSetting altId="p205.gpio_mode.gpio_mode_peripheral" configurationId="p205.gpio_mode"/>
      <configSetting altId="p206.input" configurationId="p206"/>
      <configSetting altId="p206.gpio_mode.gpio_mode_in" configurationId="p206.gpio_mode"/>
      <configSetting altId="p207.input" configurationId="p207"/>
      <configSetting altId="p207.gpio_mode.gpio_mode_in" configurationId="p207.gpio_mode"/>
      <configSetting altId="p208.input" configurationId="p208"/>
      <configSetting altId="p208.gpio_mode.gpio_mode_in" configurationId="p208.gpio_mode"/>
      <configSetting altId="p210.output.high" configurationId="p210"/>
      <configSetting altId="p210.gpio_speed.gpio_speed_high" configurationId="p210.gpio_drivecapacity"/>
      <configSetting altId="p210.gpio_mode.gpio_mode_out.high" configurationId="p210.gpio_mode"/>
      <configSetting altId="p210.gpio_otype.gpio_otype_n_ch_od" configurationId="p210.gpio_otype"/>
      <configSetting altId="p211.etherc0.rmii.mdio" configurationId="p211"/>
      <configSetting altId="p211.gpio_speed.gpio_speed_high" configurationId="p211.gpio_drivecapacity"/>
      <configSetting altId="p211.gpio_mode.gpio_mode_peripheral" configurationId="p211.gpio_mode"/>
      <configSetting altId="p212.cgc0.extal" configurationId="p212"/>
      <configSetting altId="p212.gpio_mode.gpio_mode_peripheral" configurationId="p212.gpio_mode"/>
      <configSetting altId="p213.cgc0.xtal" configurationId="p213"/>
      <configSetting altId="p213.gpio_mode.gpio_mode_peripheral" configurationId="p213.gpio_mode"/>
      <configSetting altId="p214.etherc0.rmii.mdc" configurationId="p214"/>
      <configSetting altId="p214.gpio_speed.gpio_speed_high" configurationId="p214.gpio_drivecapacity"/>
      <configSetting altId="p214.gpio_mode.gpio_mode_peripheral" configurationId="p214.gpio_mode"/>
      <configSetting altId="p300.debug0.swclk" configurationId="p300"/>
      <configSetting altId="p300.gpio_speed.gpio_speed_high" configurationId="p300.gpio_drivecapacity"/>
      <configSetting altId="p300.gpio_mode.gpio_mode_peripheral" configurationId="p300.gpio_mode"/>
      <configSetting altId="p303.output.high" configurationId="p303"/>
      <configSetting altId="p303.gpio_speed.gpio_speed_high" configurationId="p303.gpio_drivecapacity"/>
      <configSetting altId="p303.gpio_mode.gpio_mode_out.high" configurationId="p303.gpio_mode"/>
      <configSetting altId="p303.gpio_otype.gpio_otype_n_ch_od" configurationId="p303.gpio_otype"/>
      <configSetting altId="p306.output.low" configurationId="p306"/>
      <configSetting altId="p306.gpio_mode.gpio_mode_out.low" configurationId="p306.gpio_mode"/>
      <configSetting altId="p307.output.low" configurationId="p307"/>
      <configSetting altId="p307.gpio_mode.gpio_mode_out.low" configurationId="p307.gpio_mode"/>
      <configSetting altId="p311.output.high" configurationId="p311"/>
      <configSetting altId="p311.gpio_speed.gpio_speed_high" configurationId="p311.gpio_drivecapacity"/>
      <configSetting altId="p311.gpio_mode.gpio_mode_out.high" configurationId="p311.gpio_mode"/>
      <configSetting altId="p311.gpio_otype.gpio_otype_n_ch_od" configurationId="p311.gpio_otype"/>
      <configSetting altId="p400.iic0.scl" configurationId="p400"/>
      <configSetting altId="p400.gpio_speed.gpio_speed_high" configurationId="p400.gpio_drivecapacity"/>
      <configSetting altId="p400.gpio_mode.gpio_mode_peripheral" configurationId="p400.gpio_mode"/>
      <configSetting altId="p400.gpio_otype.gpio_otype_n_ch_od" configurationId="p400.gpio_otype"/>
      <configSetting altId="p401.iic0.sda" configurationId="p401"/>
      <configSetting altId="p401.gpio_speed.gpio_speed_high" configurationId="p401.gpio_drivecapacity"/>
      <configSetting altId="p401.gpio_mode.gpio_mode_peripheral" configurationId="p401.gpio_mode"/>
      <configSetting altId="p401.gpio_otype.gpio_otype_n_ch_od" configurationId="p401.gpio_otype"/>
      <configSetting altId="p402.irq0.irq04" configurationId="p402"/>
      <configSetting altId="p402.gpio_irq.gpio_irq_enabled" configurationId="p402.gpio_irq"/>
      <configSetting altId="p402.gpio_mode.gpio_mode_irq" configurationId="p402.gpio_mode"/>
      <configSetting altId="p403.irq0.irq14" configurationId="p403"/>
      <configSetting altId="p403.gpio_irq.gpio_irq_enabled" configurationId="p403.gpio_irq"/>
      <configSetting altId="p403.gpio_mode.gpio_mode_irq" configurationId="p403.gpio_mode"/>
      <configSetting altId="p404.irq0.irq15" configurationId="p404"/>
      <configSetting altId="p404.gpio_irq.gpio_irq_enabled" configurationId="p404.gpio_irq"/>
      <configSetting altId="p404.gpio_mode.gpio_mode_irq" configurationId="p404.gpio_mode"/>
      <configSetting altId="p405.etherc0.rmii.txd_en" configurationId="p405"/>
      <configSetting altId="p405.gpio_speed.gpio_speed_high" configurationId="p405.gpio_drivecapacity"/>
      <configSetting altId="p405.gpio_mode.gpio_mode_peripheral" configurationId="p405.gpio_mode"/>
      <configSetting altId="p406.etherc0.rmii.txd1" configurationId="p406"/>
      <configSetting altId="p406.gpio_speed.gpio_speed_high" configurationId="p406.gpio_drivecapacity"/>
      <configSetting altId="p406.gpio_mode.gpio_mode_peripheral" configurationId="p406.gpio_mode"/>
      <configSetting altId="p407.usbfs0.vbus" configurationId="p407"/>
      <configSetting altId="p407.gpio_speed.gpio_speed_high" configurationId="p407.gpio_drivecapacity"/>
      <configSetting altId="p407.gpio_mode.gpio_mode_peripheral" configurationId="p407.gpio_mode"/>
      <configSetting altId="p409.output.low" configurationId="p409"/>
      <configSetting altId="p409.gpio_speed.gpio_speed_high" configurationId="p409.gpio_drivecapacity"/>
      <configSetting altId="p409.gpio_mode.gpio_mode_out.low" configurationId="p409.gpio_mode"/>
      <configSetting altId="p410.sci0.rxd" configurationId="p410"/>
      <configSetting altId="p410.gpio_mode.gpio_mode_peripheral" configurationId="p410.gpio_mode"/>
      <configSetting altId="p411.sci0.txd" configurationId="p411"/>
      <configSetting altId="p411.gpio_speed.gpio_speed_high" configurationId="p411.gpio_drivecapacity"/>
      <configSetting altId="p411.gpio_mode.gpio_mode_peripheral" configurationId="p411.gpio_mode"/>
      <configSetting altId="p412.sci0.sck" configurationId="p412"/>
      <configSetting altId="p412.gpio_mode.gpio_mode_peripheral" configurationId="p412.gpio_mode"/>
      <configSetting altId="p413.sci0.ctsrts" configurationId="p413"/>
      <configSetting altId="p413.gpio_mode.gpio_mode_peripheral" configurationId="p413.gpio_mode"/>
      <configSetting altId="p414.input" configurationId="p414"/>
      <configSetting altId="p414.gpio_mode.gpio_mode_in" configurationId="p414.gpio_mode"/>
      <configSetting altId="p415.output.high" configurationId="p415"/>
      <configSetting altId="p415.gpio_mode.gpio_mode_out.high" configurationId="p415.gpio_mode"/>
      <configSetting altId="p500.sci5.cts" configurationId="p500"/>
      <configSetting altId="p500.gpio_speed.gpio_speed_high" configurationId="p500.gpio_drivecapacity"/>
      <configSetting altId="p500.gpio_mode.gpio_mode_peripheral" configurationId="p500.gpio_mode"/>
      <configSetting altId="p501.sci5.txd" configurationId="p501"/>
      <configSetting altId="p501.gpio_speed.gpio_speed_high" configurationId="p501.gpio_drivecapacity"/>
      <configSetting altId="p501.gpio_mode.gpio_mode_peripheral" configurationId="p501.gpio_mode"/>
      <configSetting altId="p502.sci5.rxd" configurationId="p502"/>
      <configSetting altId="p502.gpio_speed.gpio_speed_high" configurationId="p502.gpio_drivecapacity"/>
      <configSetting altId="p502.gpio_mode.gpio_mode_peripheral" configurationId="p502.gpio_mode"/>
      <configSetting altId="p503.input" configurationId="p503"/>
      <configSetting altId="p503.gpio_mode.gpio_mode_in" configurationId="p503.gpio_mode"/>
      <configSetting altId="p505.input" configurationId="p505"/>
      <configSetting altId="p505.gpio_mode.gpio_mode_in" configurationId="p505.gpio_mode"/>
      <configSetting altId="p506.input" configurationId="p506"/>
      <configSetting altId="p506.gpio_mode.gpio_mode_in" configurationId="p506.gpio_mode"/>
      <configSetting altId="p508.sci5.ctsrts" configurationId="p508"/>
      <configSetting altId="p508.gpio_speed.gpio_speed_high" configurationId="p508.gpio_drivecapacity"/>
      <configSetting altId="p508.gpio_mode.gpio_mode_peripheral" configurationId="p508.gpio_mode"/>
      <configSetting altId="p511.iic1.sda" configurationId="p511"/>
      <configSetting altId="p511.gpio_speed.gpio_speed_high" configurationId="p511.gpio_drivecapacity"/>
      <configSetting altId="p511.gpio_mode.gpio_mode_peripheral" configurationId="p511.gpio_mode"/>
      <configSetting altId="p511.gpio_otype.gpio_otype_n_ch_od" configurationId="p511.gpio_otype"/>
      <configSetting altId="p512.iic1.scl" configurationId="p512"/>
      <configSetting altId="p512.gpio_speed.gpio_speed_high" configurationId="p512.gpio_drivecapacity"/>
      <configSetting altId="p512.gpio_mode.gpio_mode_peripheral" configurationId="p512.gpio_mode"/>
      <configSetting altId="p512.gpio_otype.gpio_otype_n_ch_od" configurationId="p512.gpio_otype"/>
      <configSetting altId="p601.output.low" configurationId="p601"/>
      <configSetting altId="p601.gpio_speed.gpio_speed_high" configurationId="p601.gpio_drivecapacity"/>
      <configSetting altId="p601.gpio_mode.gpio_mode_out.low" configurationId="p601.gpio_mode"/>
      <configSetting altId="p602.output.high" configurationId="p602"/>
      <configSetting altId="p602.gpio_speed.gpio_speed_high" configurationId="p602.gpio_drivecapacity"/>
      <configSetting altId="p602.gpio_mode.gpio_mode_out.high" configurationId="p602.gpio_mode"/>
      <configSetting altId="p603.output.high" configurationId="p603"/>
      <configSetting altId="p603.gpio_speed.gpio_speed_high" configurationId="p603.gpio_drivecapacity"/>
      <configSetting altId="p603.gpio_mode.gpio_mode_out.high" configurationId="p603.gpio_mode"/>
      <configSetting altId="p605.output.high" configurationId="p605"/>
      <configSetting altId="p605.gpio_speed.gpio_speed_high" configurationId="p605.gpio_drivecapacity"/>
      <configSetting altId="p605.gpio_mode.gpio_mode_out.high" configurationId="p605.gpio_mode"/>
      <configSetting altId="p608.input" configurationId="p608"/>
      <configSetting altId="p608.gpio_mode.gpio_mode_in" configurationId="p608.gpio_mode"/>
      <configSetting altId="p609.output.low" configurationId="p609"/>
      <configSetting altId="p609.gpio_speed.gpio_speed_high" configurationId="p609.gpio_drivecapacity"/>
      <configSetting altId="p609.gpio_mode.gpio_mode_out.low" configurationId="p609.gpio_mode"/>
      <configSetting altId="p610.output.low" configurationId="p610"/>
      <configSetting altId="p610.gpio_speed.gpio_speed_high" configurationId="p610.gpio_drivecapacity"/>
      <configSetting altId="p610.gpio_mode.gpio_mode_out.low" configurationId="p610.gpio_mode"/>
      <configSetting altId="p611.input" configurationId="p611"/>
      <configSetting altId="p611.gpio_mode.gpio_mode_in" configurationId="p611.gpio_mode"/>
      <configSetting altId="p613.sci7.sda" configurationId="p613"/>
      <configSetting altId="p613.gpio_speed.gpio_speed_high" configurationId="p613.gpio_drivecapacity"/>
      <configSetting altId="p613.gpio_mode.gpio_mode_peripheral" configurationId="p613.gpio_mode"/>
      <configSetting altId="p613.gpio_otype.gpio_otype_n_ch_od" configurationId="p613.gpio_otype"/>
      <configSetting altId="p614.sci7.scl" configurationId="p614"/>
      <configSetting altId="p614.gpio_speed.gpio_speed_high" configurationId="p614.gpio_drivecapacity"/>
      <configSetting altId="p614.gpio_mode.gpio_mode_peripheral" configurationId="p614.gpio_mode"/>
      <configSetting altId="p614.gpio_otype.gpio_otype_n_ch_od" configurationId="p614.gpio_otype"/>
      <configSetting altId="p615.usbfs0.vbusen" configurationId="p615"/>
      <configSetting altId="p615.gpio_speed.gpio_speed_high" configurationId="p615.gpio_drivecapacity"/>
      <configSetting altId="p615.gpio_mode.gpio_mode_peripheral" configurationId="p615.gpio_mode"/>
      <configSetting altId="p700.etherc0.rmii.txd0" configurationId="p700"/>
      <configSetting altId="p700.gpio_speed.gpio_speed_high" configurationId="p700.gpio_drivecapacity"/>
      <configSetting altId="p700.gpio_mode.gpio_mode_peripheral" configurationId="p700.gpio_mode"/>
      <configSetting altId="p701.etherc0.rmii.ref50ck" configurationId="p701"/>
      <configSetting altId="p701.gpio_speed.gpio_speed_high" configurationId="p701.gpio_drivecapacity"/>
      <configSetting altId="p701.gpio_mode.gpio_mode_peripheral" configurationId="p701.gpio_mode"/>
      <configSetting altId="p702.etherc0.rmii.rxd0" configurationId="p702"/>
      <configSetting altId="p702.gpio_speed.gpio_speed_high" configurationId="p702.gpio_drivecapacity"/>
      <configSetting altId="p702.gpio_mode.gpio_mode_peripheral" configurationId="p702.gpio_mode"/>
      <configSetting altId="p703.etherc0.rmii.rxd1" configurationId="p703"/>
      <configSetting altId="p703.gpio_speed.gpio_speed_high" configurationId="p703.gpio_drivecapacity"/>
      <configSetting altId="p703.gpio_mode.gpio_mode_peripheral" configurationId="p703.gpio_mode"/>
      <configSetting altId="p704.etherc0.rmii.rx_er" configurationId="p704"/>
      <configSetting altId="p704.gpio_speed.gpio_speed_high" configurationId="p704.gpio_drivecapacity"/>
      <configSetting altId="p704.gpio_mode.gpio_mode_peripheral" configurationId="p704.gpio_mode"/>
      <configSetting altId="p705.etherc0.rmii.crs_dv" configurationId="p705"/>
      <configSetting altId="p705.gpio_speed.gpio_speed_high" configurationId="p705.gpio_drivecapacity"/>
      <configSetting altId="p705.gpio_mode.gpio_mode_peripheral" configurationId="p705.gpio_mode"/>
      <configSetting altId="p706.sci3.rxd" configurationId="p706"/>
      <configSetting altId="p706.gpio_speed.gpio_speed_high" configurationId="p706.gpio_drivecapacity"/>
      <configSetting altId="p706.gpio_mode.gpio_mode_peripheral" configurationId="p706.gpio_mode"/>
      <configSetting altId="p707.sci3.txd" configurationId="p707"/>
      <configSetting altId="p707.gpio_speed.gpio_speed_high" configurationId="p707.gpio_drivecapacity"/>
      <configSetting altId="p707.gpio_mode.gpio_mode_peripheral" configurationId="p707.gpio_mode"/>
      <configSetting altId="p708.input" configurationId="p708"/>
      <configSetting altId="p708.gpio_mode.gpio_mode_in" configurationId="p708.gpio_mode"/>
      <configSetting altId="p803.input" configurationId="p803"/>
      <configSetting altId="p803.gpio_irq.gpio_irq_enabled" configurationId="p803.gpio_irq"/>
      <configSetting altId="p803.gpio_mode.gpio_mode_in" configurationId="p803.gpio_mode"/>
      <configSetting altId="p804.input" configurationId="p804"/>
      <configSetting altId="p804.gpio_irq.gpio_irq_enabled" configurationId="p804.gpio_irq"/>
      <configSetting altId="p804.gpio_mode.gpio_mode_in" configurationId="p804.gpio_mode"/>
      <configSetting altId="pa08.usbfs0.ovrcura" configurationId="pa08"/>
      <configSetting altId="pa08.gpio_speed.gpio_speed_high" configurationId="pa08.gpio_drivecapacity"/>
      <configSetting altId="pa08.gpio_mode.gpio_mode_peripheral" configurationId="pa08.gpio_mode"/>
      <configSetting altId="sci0.ctsrts.p413" configurationId="sci0.ctsrts"/>
      <configSetting altId="sci0.mode.custom.free" configurationId="sci0.mode"/>
      <configSetting altId="sci0.rxd.p410" configurationId="sci0.rxd"/>
      <configSetting altId="sci0.sck.p412" configurationId="sci0.sck"/>
      <configSetting altId="sci0.txd.p411" configurationId="sci0.txd"/>
      <configSetting altId="sci3.mode.asynchronous.free" configurationId="sci3.mode"/>
      <configSetting altId="sci3.rxd.p706" configurationId="sci3.rxd"/>
      <configSetting altId="sci3.txd.p707" configurationId="sci3.txd"/>
      <configSetting altId="sci5.cts.p500" configurationId="sci5.cts"/>
      <configSetting altId="sci5.ctsrts.p508" configurationId="sci5.ctsrts"/>
      <configSetting altId="sci5.mode.custom.free" configurationId="sci5.mode"/>
      <configSetting altId="sci5.rxd.p502" configurationId="sci5.rxd"/>
      <configSetting altId="sci5.txd.p501" configurationId="sci5.txd"/>
      <configSetting altId="sci6.mode.custom.free" configurationId="sci6.mode"/>
      <configSetting altId="sci7.mode.iic.c" configurationId="sci7.mode"/>
      <configSetting altId="sci7.pairing.c" configurationId="sci7.pairing"/>
      <configSetting altId="sci7.scl.p614" configurationId="sci7.scl"/>
      <configSetting altId="sci7.sda.p613" configurationId="sci7.sda"/>
      <configSetting altId="sci9.ctsrts.p205" configurationId="sci9.ctsrts"/>
      <configSetting altId="sci9.mode.spi.free" configurationId="sci9.mode"/>
      <configSetting altId="sci9.rxd.p202" configurationId="sci9.rxd"/>
      <configSetting altId="sci9.sck.p204" configurationId="sci9.sck"/>
      <configSetting altId="sci9.txd.p203" configurationId="sci9.txd"/>
      <configSetting altId="spi1.pairing.b" configurationId="spi1.pairing"/>
      <configSetting altId="ssi0.mode.custom.free" configurationId="ssi0.mode"/>
      <configSetting altId="ssi0.pairing.free" configurationId="ssi0.pairing"/>
      <configSetting altId="ssi0.ssirxd.p114" configurationId="ssi0.ssirxd"/>
      <configSetting altId="ssi0.ssisck.p112" configurationId="ssi0.ssisck"/>
      <configSetting altId="ssi0.ssiws.p113" configurationId="ssi0.ssiws"/>
      <configSetting altId="usbfs0.mode.custom" configurationId="usbfs0.mode"/>
      <configSetting altId="usbfs0.ovrcura.pa08" configurationId="usbfs0.ovrcura"/>
      <configSetting altId="usbfs0.vbus.p407" configurationId="usbfs0.vbus"/>
      <configSetting altId="usbfs0.vbusen.p615" configurationId="usbfs0.vbusen"/>
    </pincfg>
    <pincfg active="false" name="R7FA6M5BH3CFC.pincfg" selected="false" symbol="">
      <configSetting altId="debug0.mode.swd" configurationId="debug0.mode"/>
      <configSetting altId="debug0.swclk.p300" configurationId="debug0.swclk"/>
      <configSetting altId="debug0.swdio.p108" configurationId="debug0.swdio"/>
      <configSetting altId="p108.debug0.swdio" configurationId="p108"/>
      <configSetting altId="p108.gpio_mode.gpio_mode_peripheral" configurationId="p108.gpio_mode"/>
      <configSetting altId="p300.debug0.swclk" configurationId="p300"/>
      <configSetting altId="p300.gpio_mode.gpio_mode_peripheral" configurationId="p300.gpio_mode"/>
    </pincfg>
  </raPinConfiguration>
</raConfiguration>
